<?xml version="1.0" encoding="UTF-8"?>
<project-private xmlns="http://www.netbeans.org/ns/project-private/1">
    <editor-bookmarks xmlns="http://www.netbeans.org/ns/editor-bookmarks/2" lastBookmarkId="0"/>
    <open-files xmlns="http://www.netbeans.org/ns/projectui-open-files/2">
        <group>
            <file>file:/C:/Users/micha/OneDrive/Υπολογιστής/week15_11/week8/Registration_and_Login/web/login.html</file>
            <file>file:/C:/Users/micha/OneDrive/Υπολογιστής/week15_11/week8/Registration_and_Login/src/java/servlets/GetStatistics.java</file>
            <file>file:/C:/Users/micha/OneDrive/Υπολογιστής/week15_11/week8/Registration_and_Login/src/java/mainClasses/JSONConverter.java</file>
            <file>file:/C:/Users/micha/OneDrive/Υπολογιστής/week15_11/week8/Registration_and_Login/src/java/servlets/Login.java</file>
            <file>file:/C:/Users/micha/OneDrive/Υπολογιστής/week15_11/week8/Registration_and_Login/web/index.html</file>
            <file>file:/C:/Users/micha/OneDrive/Υπολογιστής/week15_11/week8/Registration_and_Login/src/java/servlets/Logout.java</file>
            <file>file:/C:/Users/micha/OneDrive/Υπολογιστής/week15_11/week8/Registration_and_Login/web/registration.html</file>
            <file>file:/C:/Users/micha/OneDrive/Υπολογιστής/week15_11/week8/Registration_and_Login/src/java/servlets/ColorPreference.java</file>
            <file>file:/C:/Users/micha/OneDrive/Υπολογιστής/week15_11/week8/Registration_and_Login/web/js/ajax.js</file>
            <file>file:/C:/Users/micha/OneDrive/Υπολογιστής/week15_11/week8/Registration_and_Login/src/java/servlets/Dog_Servlet.java</file>
            <file>file:/C:/Users/micha/OneDrive/Υπολογιστής/week15_11/week8/Registration_and_Login/web/buttons.html</file>
            <file>file:/C:/Users/micha/OneDrive/Υπολογιστής/week15_11/week8/Registration_and_Login/src/java/servlets/Register.java</file>
            <file>file:/C:/Users/micha/OneDrive/Υπολογιστής/week15_11/week8/Registration_and_Login/src/java/servlets/Resources.java</file>
            <file>file:/C:/Users/micha/OneDrive/Υπολογιστής/week15_11/week8/Registration_and_Login/src/java/mainClasses/Person.java</file>
        </group>
    </open-files>
</project-private>
